device,model,phase,route_name,route_kind,aot_config,stage_route,ctx,batch,ubatch,ctk,ctv,status,rc,tps,delta_vs_gpu_static_f32,notes,log
fd8657d6,qwen3_1.7b_q8_0,decode,static_gpu_f32,static,,GPUOpenCL,2048,1,1,f32,f32,ok,0,26.967451,0.00%,"static OpenCL baseline with f32 KV","tmp/qwen3_fd8657d6_mixed_20260323/qwen3_gpu_static_f32_tg64.log"
fd8657d6,qwen3_1.7b_q8_0,prefill,static_gpu_f32,static,,GPUOpenCL,2048,128,128,f32,f32,ok,0,517.499837,0.00%,"static OpenCL baseline with f32 KV","tmp/qwen3_fd8657d6_mixed_20260323/qwen3_gpu_static_f32_pp128.log"
fd8657d6,qwen3_1.7b_q8_0,decode,attnproj_qnn_opencl,mixed,qnn_attn_proj_combined.json,"attn_proj=qnn-npu,attn_core=opencl,attn_out=opencl,ffn=opencl,output=cpu",2048,1,1,f32,f32,ok,0,28.122033,4.28%,"tg1 smoke saw no unmatched cgraph or explicit copy; share-heavy route","tmp/qwen3_fd8657d6_mixed_20260323/qwen3_attnproj_opencl_tg64.log"
fd8657d6,qwen3_1.7b_q8_0,prefill,attnproj_qnn_opencl,mixed,qnn_attn_proj_combined.json,"attn_proj=qnn-npu,attn_core=opencl,attn_out=opencl,ffn=opencl,output=cpu",2048,128,128,f32,f32,ok,0,652.599417,26.11%,"no residual unmatched observed in current pp128 log","tmp/qwen3_fd8657d6_mixed_20260323/qwen3_attnproj_opencl_pp128.log"
fd8657d6,qwen3_1.7b_q8_0,decode,attncore_qnn_opencl,mixed,qnn_attn_core_combined.json,"attn_proj=opencl,attn_core=qnn-npu,attn_out=qnn-npu,ffn=opencl,output=cpu",2048,1,1,f32,f32,ok_but_impure,0,15.061532,-44.15%,"repeated residual unmatched fragments: cache_k_upd-27 -> attn_out-tail-27 and ffn_inp-27","tmp/qwen3_fd8657d6_mixed_20260323/qwen3_attncore_opencl_tg64.log"
fd8657d6,qwen3_1.7b_q8_0,prefill,attncore_qnn_opencl,mixed,qnn_attn_core_combined.json,"attn_proj=opencl,attn_core=qnn-npu,attn_out=qnn-npu,ffn=opencl,output=cpu",2048,128,128,f32,f32,ok_but_impure,0,613.846311,18.62%,"same final-layer residual unmatched fragments reproduced in pp128","tmp/qwen3_fd8657d6_mixed_20260323/qwen3_attncore_opencl_pp128.log"
fd8657d6,qwen3_1.7b_q8_0,decode,ffn_qnn_opencl,mixed,qnn_ffn_combined.json,"attn_proj=opencl,attn_core=opencl,attn_out=opencl,ffn=qnn-npu,output=cpu",2048,1,1,f32,f32,failed,134,,"n/a","decode smoke/bench hit ggml_hetero_copy on KV path then ggml-opencl.cpp:6384 GGML_ASSERT(dst->extra)","tmp/qwen3_fd8657d6_mixed_20260323/qwen3_ffn_opencl_tg64.log"
fd8657d6,qwen3_1.7b_q8_0,prefill,ffn_qnn_opencl,mixed,qnn_ffn_combined.json,"attn_proj=opencl,attn_core=opencl,attn_out=opencl,ffn=qnn-npu,output=cpu",2048,128,128,f32,f32,failed,134,,"n/a","pp128 saw repeated ggml_hetero_copy on cache_k/cache_v tensors before the same OpenCL assert","tmp/qwen3_fd8657d6_mixed_20260323/qwen3_ffn_opencl_pp128.log"

